Full_Tag,Yield_Count
Mnemosyne::First_Aid::Public_Health_Sciences::Communication_Skills::Patient-Centered_Interviewing_Techniques,14
Mnemosyne::First_Aid::Endocrine::Pathology::Diabetes_Mellitus,13
Mnemosyne::First_Aid::Cardiovascular::Pathology::Hypertension,13
Mnemosyne::First_Aid::Cardiovascular::Pathology::Shock,12
Mnemosyne::First_Aid::Cardiovascular::Pathology::Heart_Failure,11
Mnemosyne::First_Aid::Renal::Physiology::Electrolyte_Disturbances,11
Mnemosyne::First_Aid::Microbiology::Virology::HIV,10
Mnemosyne::First_Aid::Renal::Physiology::Renin-Angiotensin-Aldosterone_System,8
Mnemosyne::First_Aid::Renal::Pathology::Acute_Kidney_Injury,8
Mnemosyne::First_Aid::Public_Health_Sciences::Epidemiology_And_Biostatistics::Observational_Studies,8
Mnemosyne::First_Aid::Renal::Physiology::Acidosis_And_Alkalosis,8
Mnemosyne::First_Aid::Immunology::Immune_Responses::Hypersensitivity_Types,8
Mnemosyne::First_Aid::Reproductive::Physiology::Androgens,7
Mnemosyne::First_Aid::Cardiovascular::Physiology::Heart_Murmurs,7
Mnemosyne::First_Aid::Immunology::Immune_Responses::Immunodeficiencies,7
Mnemosyne::First_Aid::Pathology::Inflammation::Acute_Inflammation,7
Mnemosyne::First_Aid::Neurology_And_Special_Senses::Pharmacology::Opioid_Analgesics,7
Mnemosyne::First_Aid::Hematology_And_Oncology::Pathology::Anemias,7
Mnemosyne::First_Aid::Endocrine::Physiology::Calcium_Homeostasis,7
Mnemosyne::First_Aid::Hematology_And_Oncology::Pathology::Intrinsic_Hemolytic_Anemias,7
Mnemosyne::First_Aid::Endocrine::Physiology::Insulin,7
Mnemosyne::First_Aid::Gastrointestinal::Pathology::Malabsorption_Syndromes,7
Mnemosyne::First_Aid::Gastrointestinal::Pathology::Cirrhosis_And_Portal_Hypertension,7
Mnemosyne::First_Aid::Pathology::Inflammation::Granulomatous_Inflammation,6
Mnemosyne::First_Aid::Biochemistry::Genetics::Autosomal_Dominant_Diseases,6
Mnemosyne::First_Aid::Endocrine::Physiology::Antidiuretic_Hormone,6
Mnemosyne::First_Aid::Microbiology::Virology::Herpesviruses,6
Mnemosyne::First_Aid::Biochemistry::Metabolism::Familial_Dyslipidemias,6
Mnemosyne::First_Aid::Cardiovascular::Physiology::Cardiac_Output_Variables,6
"Mnemosyne::First_Aid::Musculoskeletal,_Skin,_And_Connective_Tissue::Pathology::Vasculitides",6
Mnemosyne::First_Aid::Microbiology::Virology::Hepatitis_Viruses,6
Mnemosyne::First_Aid::Public_Health_Sciences::Epidemiology_And_Biostatistics::Clinical_Therapeutic_Trial,6
Mnemosyne::First_Aid::Pharmacology::Pharmacokinetics_And_Pharmacodynamics::Pharmacokinetics,6
"Mnemosyne::First_Aid::Musculoskeletal,_Skin,_And_Connective_Tissue::Dermatology::Skin_Cancer",6
Mnemosyne::First_Aid::Hematology_And_Oncology::Pathology::Coagulation_Disorders,6
Mnemosyne::First_Aid::Renal::Physiology::Acid-Base_Physiology,6
Mnemosyne::First_Aid::Reproductive::Physiology::Pregnancy,6
Mnemosyne::First_Aid::Respiratory::Pathology::Obstructive_Lung_Diseases,6
"Mnemosyne::First_Aid::Musculoskeletal,_Skin,_And_Connective_Tissue::Pathology::Common_Musculoskeletal_Conditions",6
Mnemosyne::First_Aid::Renal::Pathology::Consequences_Of_Renal_Failure,6
Mnemosyne::First_Aid::Neurology_And_Special_Senses::Pathology::Dementia,6
"Mnemosyne::First_Aid::Musculoskeletal,_Skin,_And_Connective_Tissue::Anatomy_And_Physiology::Lower_Extremity_Nerves",5
Mnemosyne::First_Aid::Respiratory::Pathology::Lung_Cancer,5
Mnemosyne::First_Aid::Cardiovascular::Pathology::Congenital_Heart_Diseases,5
Mnemosyne::First_Aid::Microbiology::Virology::Common_Diseases_Of_HIV-Positive_Adults,5
Mnemosyne::First_Aid::Hematology_And_Oncology::Physiology::Vitamin_K–Dependent_Coagulation,5
"Mnemosyne::First_Aid::Musculoskeletal,_Skin,_And_Connective_Tissue::Pharmacology::Nonsteroidal_Anti-Inflammatory_Drugs",5
Mnemosyne::First_Aid::Gastrointestinal::Pathology::Pancreatitis,5
Mnemosyne::First_Aid::Hematology_And_Oncology::Anatomy::Eosinophils,5
"Mnemosyne::First_Aid::Musculoskeletal,_Skin,_And_Connective_Tissue::Pathology::Primary_Bone_Tumors",5
Mnemosyne::First_Aid::Endocrine::Physiology::Thyroid_Hormones,5
Mnemosyne::First_Aid::Hematology_And_Oncology::Pathology::Platelet_Disorders,5
Mnemosyne::First_Aid::Neurology_And_Special_Senses::Pathology::Adult_Primary_Brain_Tumors,5
Mnemosyne::First_Aid::Gastrointestinal::Physiology::Bilirubin,5
Mnemosyne::First_Aid::Neurology_And_Special_Senses::Anatomy_And_Physiology::Spinal_Nerves,5
Mnemosyne::First_Aid::Immunology::Immune_Responses::Transplant_Rejection,5
Mnemosyne::First_Aid::Neurology_And_Special_Senses::Pathology::Seizures,5
Mnemosyne::First_Aid::Public_Health_Sciences::Epidemiology_And_Biostatistics::Bias_And_Study_Errors,5
Mnemosyne::First_Aid::Pathology::Neoplasia::Paraneoplastic_Syndromes,5
Mnemosyne::First_Aid::Public_Health_Sciences::Epidemiology_And_Biostatistics::Incidence_Versus_Prevalence,5
Mnemosyne::First_Aid::Pathology::Cellular_Injury::Apoptosis,5
Mnemosyne::First_Aid::Biochemistry::Cellular::Collagen,5
Mnemosyne::First_Aid::Renal::Pathology::Renovascular_Disease,5
Mnemosyne::First_Aid::Gastrointestinal::Anatomy::Abdominal_Aorta_And_Branches,5
Mnemosyne::First_Aid::Pathology::Inflammation::Wound_Healing,5
Mnemosyne::First_Aid::Hematology_And_Oncology::Pathology::Leukemias,5
"Mnemosyne::First_Aid::Musculoskeletal,_Skin,_And_Connective_Tissue::Pathology::Systemic_Lupus_Erythematosus",5
Mnemosyne::First_Aid::Neurology_And_Special_Senses::Anatomy_And_Physiology::Cranial_Nerves,4
Mnemosyne::First_Aid::Endocrine::Physiology::Signaling_Pathways_Of_Endocrine_Hormones,4
Mnemosyne::First_Aid::Neurology_And_Special_Senses::Anatomy_And_Physiology::Spinal_Tract_Anatomy_And_Functions,4
Mnemosyne::First_Aid::Renal::Physiology::Renal_Tubular_Defects,4
Mnemosyne::First_Aid::Public_Health_Sciences::Epidemiology_And_Biostatistics::Quantifying_Risk,4
Mnemosyne::First_Aid::Biochemistry::Molecular::De_Novo_Pyrimidine_And_Purine_Synthesis,4
Mnemosyne::First_Aid::Renal::Pathology::Hydronephrosis,4
"Mnemosyne::First_Aid::Musculoskeletal,_Skin,_And_Connective_Tissue::Anatomy_And_Physiology::Upper_Extremity_Nerves",4
Mnemosyne::First_Aid::Pathology::Inflammation::Inflammation,4
Mnemosyne::First_Aid::Pathology::Inflammation::Scar_Formation,4
Mnemosyne::First_Aid::Biochemistry::Nutrition::Ethanol_Metabolism,4
Mnemosyne::First_Aid::Cardiovascular::Pharmacology::Lipid-Lowering_Agents,4
Mnemosyne::First_Aid::Gastrointestinal::Pathology::Other_Intestinal_Disorders,4
Mnemosyne::First_Aid::Biochemistry::Metabolism::Amino_Acids,4
Mnemosyne::First_Aid::Psychiatry::Psychology::Normal_Infant_And_Child_Development,4
Mnemosyne::First_Aid::Renal::Pathology::Kidney_Stones,4
"Mnemosyne::First_Aid::Musculoskeletal,_Skin,_And_Connective_Tissue::Pathology::Neuromuscular_Junction_Diseases",4
Mnemosyne::First_Aid::Cardiovascular::Physiology::Capillary_Fluid_Exchange,4
Mnemosyne::First_Aid::Endocrine::Pathology::Hyperglycemic_Emergencies,4
Mnemosyne::First_Aid::Public_Health_Sciences::Communication_Skills::Delivering_Bad_News,4
Mnemosyne::First_Aid::Public_Health_Sciences::Ethics::Informed_Consent,4
Mnemosyne::First_Aid::Hematology_And_Oncology::Pharmacology::Warfarin,4
"Mnemosyne::First_Aid::Hematology_And_Oncology::Pathology::Microcytic,_Hypochromic_Anemias",4
Mnemosyne::First_Aid::Biochemistry::Metabolism::Fatty_Acid_Metabolism,4
Mnemosyne::First_Aid::Neurology_And_Special_Senses::Pathology::Effects_Of_Strokes,4
Mnemosyne::First_Aid::Psychiatry::Pathology::Psychoactive_Drug_Intoxication_And_Withdrawal,4
Mnemosyne::First_Aid::Immunology::Immune_Responses::Important_Cytokines,4
Mnemosyne::First_Aid::Cardiovascular::Pathology::Aortic_Aneurysm,4
Mnemosyne::First_Aid::Renal::Physiology::Nephron_Transport_Physiology,4
"Mnemosyne::First_Aid::Musculoskeletal,_Skin,_And_Connective_Tissue::Dermatology::Common_Skin_Disorders",4
Mnemosyne::First_Aid::Public_Health_Sciences::Epidemiology_And_Biostatistics::Common_Statistical_Tests,4
Mnemosyne::First_Aid::Biochemistry::Metabolism::Lipid_Transport,4
Mnemosyne::First_Aid::Biochemistry::Molecular::Regulation_Of_Gene_Expression,4
Mnemosyne::First_Aid::Renal::Pathology::Pyelonephritis,4
Mnemosyne::First_Aid::Neurology_And_Special_Senses::Pathology::Ischemic_Brain_Disease/Stroke,4
Mnemosyne::First_Aid::Public_Health_Sciences::Epidemiology_And_Biostatistics::Statistical_Distribution,4
Mnemosyne::First_Aid::Reproductive::Physiology::Menstrual_Cycle,4
Mnemosyne::First_Aid::Immunology::Cellular_Components::Major_Histocompatibility_Complex_I_And_II,4
Mnemosyne::First_Aid::Gastrointestinal::Anatomy::Gastrointestinal_Blood_Supply_And_Innervation,4
Mnemosyne::First_Aid::Endocrine::Pathology::Hyperthyroidism,4
Mnemosyne::First_Aid::Biochemistry::Cellular::Cell_Trafficking,4
Mnemosyne::First_Aid::Cardiovascular::Pathology::Atherosclerosis,4
Mnemosyne::First_Aid::Public_Health_Sciences::Communication_Skills::Motivational_Interviewing,4
Mnemosyne::First_Aid::Public_Health_Sciences::Epidemiology_And_Biostatistics::Evaluation_Of_Diagnostic_Tests,4
Mnemosyne::First_Aid::Pathology::Neoplasia::Common_Metastases,4
Mnemosyne::First_Aid::Hematology_And_Oncology::Pathology::Blood_Transfusion_Therapy,4
Mnemosyne::First_Aid::Cardiovascular::Pathology::Ischemic_Heart_Disease_Manifestations,4
Mnemosyne::First_Aid::Biochemistry::Nutrition::Protein-Energy_Malnutrition,3
Mnemosyne::First_Aid::Neurology_And_Special_Senses::Anatomy_And_Physiology::Basal_Ganglia,3
"Mnemosyne::First_Aid::Musculoskeletal,_Skin,_And_Connective_Tissue::Anatomy_And_Physiology::Signs_Of_Lumbosacral_Radiculopathy",3
Mnemosyne::First_Aid::Microbiology::Mycology::Opportunistic_Fungal_Infections,3
Mnemosyne::First_Aid::Psychiatry::Pathology::Eating_Disorders,3
Mnemosyne::First_Aid::Neurology_And_Special_Senses::Otology::Common_Causes_Of_Hearing_Loss,3
Mnemosyne::First_Aid::Immunology::Immune_Responses::Complement,3
Mnemosyne::First_Aid::Pharmacology::Toxicities_And_Side_Effects::Specific_Toxicity_Treatments,3
Mnemosyne::First_Aid::Neurology_And_Special_Senses::Pathology::Neurodegenerative_Movement_Disorders,3
Mnemosyne::First_Aid::Public_Health_Sciences::Epidemiology_And_Biostatistics::Statistical_Hypothesis_Testing,3
Mnemosyne::First_Aid::Reproductive::Anatomy::Autonomic_Innervation_Of_Male_Sexual_Response,3
Mnemosyne::First_Aid::Gastrointestinal::Anatomy::Retroperitoneal_Structures,3
Mnemosyne::First_Aid::Pathology::Neoplasia::Tumor_Nomenclature,3
Mnemosyne::First_Aid::Reproductive::Physiology::Estrogen,3
Mnemosyne::First_Aid::Reproductive::Pathology::Ovarian_Tumors,3
"Mnemosyne::First_Aid::Cardiovascular::Physiology::Resistance,_Pressure,_And_Flow",3
Mnemosyne::First_Aid::Biochemistry::Genetics::Modes_Of_Inheritance,3
Mnemosyne::First_Aid::Biochemistry::Molecular::Mutations_In_DNA,3
Mnemosyne::First_Aid::Biochemistry::Molecular::DNA_Replication,3
Mnemosyne::First_Aid::Gastrointestinal::Pathology::Peptic_Ulcer_Disease,3
Mnemosyne::First_Aid::Pathology::Cellular_Injury::Ischemia,3
Mnemosyne::First_Aid::Endocrine::Pathology::Primary_Polydipsia_And_Diabetes_Insipidus,3
"Mnemosyne::First_Aid::Musculoskeletal,_Skin,_And_Connective_Tissue::Dermatology::Skin_Layers",3
Mnemosyne::First_Aid::Endocrine::Physiology::Adrenal_Steroids_And_Congenital_Adrenal_Hyperplasias,3
Mnemosyne::First_Aid::Renal::Physiology::Changes_In_Glomerular_Dynamics,3
Mnemosyne::First_Aid::Neurology_And_Special_Senses::Anatomy_And_Physiology::Clinical_Reflexes,3
Mnemosyne::First_Aid::Cardiovascular::Pathology::Evolution_Of_Myocardial_Infarction,3
Mnemosyne::First_Aid::Pathology::Neoplasia::Tumor_Suppressor_Genes,3
Mnemosyne::First_Aid::Gastrointestinal::Pharmacology::H2-Blockers,3
Mnemosyne::First_Aid::Reproductive::Anatomy::Male_Reproductive_Anatomy,3
Mnemosyne::First_Aid::Cardiovascular::Pathology::Arteriosclerosis,3
Mnemosyne::First_Aid::Psychiatry::Pathology::Alcohol_Use_Disorder,3
Mnemosyne::First_Aid::Biochemistry::Metabolism::Lysosomal_Storage_Diseases,3
Mnemosyne::First_Aid::Endocrine::Anatomy::Endocrine_Pancreas_Cell_Types,3
Mnemosyne::First_Aid::Biochemistry::Metabolism::Catecholamine_Synthesis/Tyrosine_Catabolism,3
Mnemosyne::First_Aid::Psychiatry::Pathology::Somatic_Symptom_And_Related_Disorders,3
Mnemosyne::First_Aid::Pharmacology::Toxicities_And_Side_Effects::Drug_Reactions—Neurologic,3
Mnemosyne::First_Aid::Cardiovascular::Physiology::Auscultation_Of_The_Heart,3
Mnemosyne::First_Aid::Endocrine::Pathology::Hyperparathyroidism,3
Mnemosyne::First_Aid::Reproductive::Physiology::Human_Chorionic_Gonadotropin,3
Mnemosyne::First_Aid::Cardiovascular::Pathology::Rheumatic_Fever,3
Mnemosyne::First_Aid::Microbiology::Clinical_Bacteriology::Streptococcus_Pneumoniae,3
Mnemosyne::First_Aid::Reproductive::Pathology::Benign_Prostatic_Hyperplasia,3
Mnemosyne::First_Aid::Neurology_And_Special_Senses::Pathology::Motor_Neuron_Signs,3
Mnemosyne::First_Aid::Gastrointestinal::Anatomy::Pectinate_Line,3
Mnemosyne::First_Aid::Gastrointestinal::Physiology::Pancreatic_Secretions,3
Mnemosyne::First_Aid::Reproductive::Embryology::Types_Of_Errors_In_Morphogenesis,3
Mnemosyne::First_Aid::Microbiology::Parasitology::Protozoa-Hematologic_Infections,3
"Mnemosyne::First_Aid::Musculoskeletal,_Skin,_And_Connective_Tissue::Anatomy_And_Physiology::Ankle_Sprains",3
Mnemosyne::First_Aid::Reproductive::Pathology::Prostatic_Adenocarcinoma,3
Mnemosyne::First_Aid::Gastrointestinal::Physiology::Gastrointestinal_Secretory_Products,3
Mnemosyne::First_Aid::Reproductive::Pharmacology::Control_Of_Reproductive_Hormones,3
Mnemosyne::First_Aid::Public_Health_Sciences::Healthcare_Delivery::Disease_Prevention,3
Mnemosyne::First_Aid::Neurology_And_Special_Senses::Anatomy_And_Physiology::Sleep_Physiology,3
Mnemosyne::First_Aid::Microbiology::Systems::Cerebrospinal_Fluid_Findings_In_Meningitis,3
Mnemosyne::First_Aid::Cardiovascular::Pharmacology::Nitrates,3
Mnemosyne::First_Aid::Endocrine::Physiology::Signaling_Pathways_Of_Steroid_Hormones,3
Mnemosyne::First_Aid::Pharmacology::Autonomic_Drugs::Sympathomimetics,3
Mnemosyne::First_Aid::Biochemistry::Metabolism::Hyperammonemia,3
"Mnemosyne::First_Aid::Musculoskeletal,_Skin,_And_Connective_Tissue::Pathology::Osteitis_Deformans",3
"Mnemosyne::First_Aid::Microbiology::Antimicrobials::Acyclovir,_Famciclovir,_Valacyclovir",3
Mnemosyne::First_Aid::Microbiology::Virology::DNA_Viruses,3
Mnemosyne::First_Aid::Respiratory::Pathology::Restrictive_Lung_Diseases,3
Mnemosyne::First_Aid::Respiratory::Pathology::Pneumoconioses,3
Mnemosyne::First_Aid::Hematology_And_Oncology::Anatomy::B_Cells,3
Mnemosyne::First_Aid::Microbiology::Systems::TORCH_Infections,3
Mnemosyne::First_Aid::Cardiovascular::Physiology::Baroreceptors_And_Chemoreceptors,3
Mnemosyne::First_Aid::Hematology_And_Oncology::Pathology::Hereditary_Thrombophilias,3
Mnemosyne::First_Aid::Renal::Physiology::Renal_Blood_Flow_Autoregulation,3
Mnemosyne::First_Aid::Reproductive::Pathology::Diagnosing_Disorders_By_Sex_Hormones,3
Mnemosyne::First_Aid::Immunology::Cellular_Components::Cytotoxic_T_Cells,3
Mnemosyne::First_Aid::Microbiology::Systems::Common_Causes_Of_Meningitis,3
Mnemosyne::First_Aid::Biochemistry::Genetics::Genetic_Terms,3
Mnemosyne::First_Aid::Pathology::Cellular_Injury::Necrosis,3
Mnemosyne::First_Aid::Hematology_And_Oncology::Anatomy::Erythrocytes,3
Mnemosyne::First_Aid::Gastrointestinal::Anatomy::Portosystemic_Anastomoses,3
Mnemosyne::First_Aid::Gastrointestinal::Anatomy::Digestive_Tract_Anatomy,3
Mnemosyne::First_Aid::Pharmacology::Pharmacokinetics_And_Pharmacodynamics::Dosage_Calculations,2
Mnemosyne::First_Aid::Cardiovascular::Pathology::Infective_Endocarditis,2
Mnemosyne::First_Aid::Endocrine::Pathology::Acromegaly,2
Mnemosyne::First_Aid::Renal::Pharmacology::Diuretics:_Electrolyte_Changes,2
Mnemosyne::First_Aid::Cardiovascular::Pathology::Syncope,2
Mnemosyne::First_Aid::Biochemistry::Nutrition::Vitamin_B3,2
Mnemosyne::First_Aid::Neurology_And_Special_Senses::Pathology::Trigeminal_Neuralgia,2
Mnemosyne::First_Aid::Biochemistry::Metabolism::Ketone_Bodies,2
Mnemosyne::First_Aid::Neurology_And_Special_Senses::Pathology::Spinal_Cord_Lesions,2
Mnemosyne::First_Aid::Immunology::Immune_Responses::Complement_Disorders,2
Mnemosyne::First_Aid::Microbiology::Mycology::Systemic_Mycoses,2
Mnemosyne::First_Aid::Immunology::Immune_Responses::Respiratory_Burst,2
Mnemosyne::First_Aid::Hematology_And_Oncology::Physiology::Coagulation_And_Kinin_Pathways,2
Mnemosyne::First_Aid::Endocrine::Physiology::Cortisol,2
Mnemosyne::First_Aid::Gastrointestinal::Pathology::Volvulus,2
Mnemosyne::First_Aid::Cardiovascular::Pathology::Conduction_Blocks,2
Mnemosyne::First_Aid::Gastrointestinal::Anatomy::Digestive_Tract_Histology,2
Mnemosyne::First_Aid::Pharmacology::Pharmacokinetics_And_Pharmacodynamics::Enzyme_Kinetics,2
"Mnemosyne::First_Aid::Musculoskeletal,_Skin,_And_Connective_Tissue::Pathology::Osteoarthritis_Versus_Rheumatoid_Arthritis",2
Mnemosyne::First_Aid::Pharmacology::Toxicities_And_Side_Effects::Drug_Reactions—Renal/Genitourinary,2
Mnemosyne::First_Aid::Public_Health_Sciences::Epidemiology_And_Biostatistics::Outcomes_Of_Statistical_Hypothesis_Testing,2
Mnemosyne::First_Aid::Microbiology::Antimicrobials::Amphotericin_B,2
Mnemosyne::First_Aid::Microbiology::Systems::Sexually_Transmitted_Infections,2
Mnemosyne::First_Aid::Microbiology::Antimicrobials::Antifungal_Therapy,2
Mnemosyne::First_Aid::Cardiovascular::Anatomy::Heart_Anatomy,2
Mnemosyne::First_Aid::Gastrointestinal::Anatomy::Inguinal_Canal,2
Mnemosyne::First_Aid::Biochemistry::Metabolism::Metabolic_Fuel_Use,2
Mnemosyne::First_Aid::Immunology::Immune_Responses::Immunologic_Blood_Transfusion_Reactions,2
Mnemosyne::First_Aid::Microbiology::Parasitology::Trematodes_(Flukes),2
Mnemosyne::First_Aid::Public_Health_Sciences::Epidemiology_And_Biostatistics::Confidence_Interval,2
Mnemosyne::First_Aid::Endocrine::Anatomy::Adrenal_Cortex_And_Medulla,2
Mnemosyne::First_Aid::Psychiatry::Pharmacology::Selective_Serotonin_Reuptake_Inhibitors,2
Mnemosyne::First_Aid::Gastrointestinal::Anatomy::Hernias,2
Mnemosyne::First_Aid::Pharmacology::Toxicities_And_Side_Effects::Drug_Reactions—Gastrointestinal,2
Mnemosyne::First_Aid::Endocrine::Anatomy::Pituitary_Gland,2
Mnemosyne::First_Aid::Microbiology::Antimicrobials::HIV_Therapy,2
Mnemosyne::First_Aid::Neurology_And_Special_Senses::Anatomy_And_Physiology::Spinal_Cord_And_Associated_Tracts,2
Mnemosyne::First_Aid::Endocrine::Physiology::Hypothalamic-Pituitary_Hormones,2
"Mnemosyne::First_Aid::Musculoskeletal,_Skin,_And_Connective_Tissue::Pathology::Antiphospholipid_Syndrome",2
Mnemosyne::First_Aid::Hematology_And_Oncology::Anatomy::Macrophages,2
Mnemosyne::First_Aid::Neurology_And_Special_Senses::Pathology::Dyskinesias,2
Mnemosyne::First_Aid::Reproductive::Pathology::Breast_Cancer,2
Mnemosyne::First_Aid::Renal::Anatomy::Renal_Blood_Flow,2
Mnemosyne::First_Aid::Hematology_And_Oncology::Pathology::Thrombotic_Microangiopathies,2
Mnemosyne::First_Aid::Hematology_And_Oncology::Embryology::Hemolytic_Disease_Of_The_Fetus_And_Newborn,2
Mnemosyne::First_Aid::Gastrointestinal::Pathology::Acute_Gastrointestinal_Bleeding,2
Mnemosyne::First_Aid::Psychiatry::Pathology::Malingering_Versus_Factitious_Disorder_Versus_Somatic_Symptom_Disorders,2
Mnemosyne::First_Aid::Renal::Pharmacology::Thiazide_Diuretics,2
Mnemosyne::First_Aid::Biochemistry::Genetics::Autosomal_Trisomies,2
Mnemosyne::First_Aid::Cardiovascular::Pathology::Diagnosis_Of_Myocardial_Infarction,2
Mnemosyne::First_Aid::Pathology::Cellular_Injury::Cell_Injury,2
"Mnemosyne::First_Aid::Musculoskeletal,_Skin,_And_Connective_Tissue::Anatomy_And_Physiology::Cell_Biology_Of_Bone",2
Mnemosyne::First_Aid::Biochemistry::Cellular::Rough_Endoplasmic_Reticulum,2
Mnemosyne::First_Aid::Renal::Pathology::Glomerular_Diseases,2
Mnemosyne::First_Aid::Reproductive::Embryology::Sexual_Differentiation,2
Mnemosyne::First_Aid::Renal::Pathology::Renal_Osteodystrophy,2
Mnemosyne::First_Aid::Public_Health_Sciences::Epidemiology_And_Biostatistics::Receiver_Operating_Characteristic_Curve,2
Mnemosyne::First_Aid::Microbiology::Systems::Common_Causes_Of_Pneumonia,2
Mnemosyne::First_Aid::Pathology::Neoplasia::Carcinogens,2
"Mnemosyne::First_Aid::Musculoskeletal,_Skin,_And_Connective_Tissue::Pharmacology::Acetaminophen",2
Mnemosyne::First_Aid::Pathology::Cellular_Injury::Cellular_Adaptations,2
Mnemosyne::First_Aid::Renal::Physiology::Fluid_Compartments,2
Mnemosyne::First_Aid::Pharmacology::Toxicities_And_Side_Effects::Drug_Reactions—Cardiovascular,2
Mnemosyne::First_Aid::Biochemistry::Molecular::DNA_Repair,2
"Mnemosyne::First_Aid::Musculoskeletal,_Skin,_And_Connective_Tissue::Dermatology::Epithelial_Cell_Junctions",2
Mnemosyne::First_Aid::Neurology_And_Special_Senses::Pathology::Neurocutaneous_Disorders,2
Mnemosyne::First_Aid::Reproductive::Pathology::Functional_Hypothalamic_Amenorrhea,2
Mnemosyne::First_Aid::Neurology_And_Special_Senses::Anatomy_And_Physiology::Cerebral_Cortex_Regions,2
Mnemosyne::First_Aid::Pharmacology::Autonomic_Drugs::α-Blockers,2
Mnemosyne::First_Aid::Psychiatry::Pathology::Anxiety_Disorders,2
Mnemosyne::First_Aid::Gastrointestinal::Pathology::Hepatic_Encephalopathy,2
Mnemosyne::First_Aid::Gastrointestinal::Pathology::Colorectal_Cancer,2
Mnemosyne::First_Aid::Neurology_And_Special_Senses::Anatomy_And_Physiology::Dopaminergic_Pathways,2
"Mnemosyne::First_Aid::Musculoskeletal,_Skin,_And_Connective_Tissue::Anatomy_And_Physiology::Motoneuron_Action_Potential_To_Muscle_Contraction",2
Mnemosyne::First_Aid::Respiratory::Pathology::Pulmonary_Hypertension,2
Mnemosyne::First_Aid::Immunology::Immunosuppressants::Immunosuppressants,2
"Mnemosyne::First_Aid::Neurology_And_Special_Senses::Ophthalmology::Cranial_Nerve_III,_IV,_And_VI_Palsies",2
Mnemosyne::First_Aid::Neurology_And_Special_Senses::Anatomy_And_Physiology::Hypothalamus,2
Mnemosyne::First_Aid::Psychiatry::Pharmacology::Tricyclic_Antidepressants,2
Mnemosyne::First_Aid::Biochemistry::Cellular::Peroxisome,2
Mnemosyne::First_Aid::Microbiology::Basic_Bacteriology::Encapsulated_Bacteria,2
Mnemosyne::First_Aid::Hematology_And_Oncology::Physiology::Platelet_Plug_Formation_(Primary_Hemostasis),2
Mnemosyne::First_Aid::Respiratory::Physiology::Response_To_High_Altitude,2
Mnemosyne::First_Aid::Gastrointestinal::Pathology::Liver_Tumors,2
"Mnemosyne::First_Aid::Musculoskeletal,_Skin,_And_Connective_Tissue::Pathology::Lab_Values_In_Bone_Disorders",2
Mnemosyne::First_Aid::Reproductive::Pathology::Sex_Chromosome_Disorders,2
Mnemosyne::First_Aid::Biochemistry::Genetics::Genetic_Disorders_By_Chromosome,2
Mnemosyne::First_Aid::Public_Health_Sciences::Epidemiology_And_Biostatistics::Pearson_Correlation_Coefficient,2
Mnemosyne::First_Aid::Psychiatry::Pathology::Substance_Use_Disorder,2
Mnemosyne::First_Aid::Microbiology::Clinical_Bacteriology::Staphylococcus_Aureus,2
Mnemosyne::First_Aid::Reproductive::Physiology::Abnormal_Uterine_Bleeding,2
Mnemosyne::First_Aid::Reproductive::Pathology::Most_Common_Causes_Of_Anovulation,2
Mnemosyne::First_Aid::Cardiovascular::Physiology::Electrocardiogram,2
Mnemosyne::First_Aid::Biochemistry::Nutrition::Vitamin_D,2
Mnemosyne::First_Aid::Gastrointestinal::Pathology::Benign_Neonatal_Hyperbilirubinemia,2
Mnemosyne::First_Aid::Public_Health_Sciences::Ethics::Core_Ethical_Principles,2
Mnemosyne::First_Aid::Renal::Pharmacology::Potassium-Sparing_Diuretics,2
Mnemosyne::First_Aid::Hematology_And_Oncology::Pathology::Mixed_Platelet_And_Coagulation_Disorders,2
Mnemosyne::First_Aid::Microbiology::Basic_Bacteriology::Endotoxin,2
Mnemosyne::First_Aid::Renal::Embryology::Vesicoureteral_Reflux,2
Mnemosyne::First_Aid::Psychiatry::Pathology::Bipolar_Disorder,2
Mnemosyne::First_Aid::Microbiology::Clinical_Bacteriology::Neisseria,2
Mnemosyne::First_Aid::Respiratory::Physiology::Oxygen_Content_Of_Blood,2
Mnemosyne::First_Aid::Microbiology::Basic_Bacteriology::Bacteria_With_Exotoxins,2
Mnemosyne::First_Aid::Microbiology::Parasitology::Protozoa-Gastrointestinal_Infections,2
Mnemosyne::First_Aid::Reproductive::Anatomy::Seminiferous_Tubules,2
Mnemosyne::First_Aid::Renal::Pathology::Acute_Interstitial_Nephritis,2
Mnemosyne::First_Aid::Biochemistry::Cellular::Sodium-Potassium_Pump,2
"Mnemosyne::First_Aid::Musculoskeletal,_Skin,_And_Connective_Tissue::Pharmacology::Aspirin",2
Mnemosyne::First_Aid::Respiratory::Anatomy::Respiratory_Tree,2
Mnemosyne::First_Aid::Pathology::Neoplasia::Neoplasia_And_Neoplastic_Progression,2
Mnemosyne::First_Aid::Immunology::Cellular_Components::T-Cell_And_B-Cell_Activation,2
Mnemosyne::First_Aid::Cardiovascular::Pathology::Cardiac_Tamponade,2
Mnemosyne::First_Aid::Biochemistry::Metabolism::Summary_Of_Pathways,2
Mnemosyne::First_Aid::Reproductive::Pathology::Hydatidiform_Mole,2
Mnemosyne::First_Aid::Biochemistry::Genetics::Autosomal_Recessive_Diseases,2
Mnemosyne::First_Aid::Gastrointestinal::Embryology::Hypertrophic_Pyloric_Stenosis,2
Mnemosyne::First_Aid::Microbiology::Systems::Red_Rashes_Of_Childhood,2
Mnemosyne::First_Aid::Endocrine::Pharmacology::Diabetes_Mellitus_Therapy,2
Mnemosyne::First_Aid::Hematology_And_Oncology::Pathology::Macrocytic_Anemias,2
Mnemosyne::First_Aid::Gastrointestinal::Pathology::Gastritis,2
Mnemosyne::First_Aid::Biochemistry::Genetics::Population_Genetics,2
"Mnemosyne::First_Aid::Biochemistry::Metabolism::Gluconeogenesis,_Irreversible_Enzymes",2
Mnemosyne::First_Aid::Microbiology::Clinical_Bacteriology::Tuberculosis,2
Mnemosyne::First_Aid::Pharmacology::Toxicities_And_Side_Effects::Sulfa_Drugs,2
"Mnemosyne::First_Aid::Musculoskeletal,_Skin,_And_Connective_Tissue::Dermatology::Skin_Infections",2
Mnemosyne::First_Aid::Endocrine::Physiology::Prolactin,2
Mnemosyne::First_Aid::Renal::Pathology::Acute_Tubular_Necrosis,2
Mnemosyne::First_Aid::Cardiovascular::Embryology::Fetal-Postnatal_Derivatives,2
Mnemosyne::First_Aid::Hematology_And_Oncology::Pathology::Myelodysplastic_Syndromes,2
Mnemosyne::First_Aid::Microbiology::Clinical_Bacteriology::Syphilis,2
Mnemosyne::First_Aid::Endocrine::Physiology::Glucagon,2
Mnemosyne::First_Aid::Reproductive::Anatomy::Female_Reproductive_Anatomy,2
Mnemosyne::First_Aid::Respiratory::Pathology::Pneumonia,2
Mnemosyne::First_Aid::Neurology_And_Special_Senses::Anatomy_And_Physiology::Astrocytes,2
Mnemosyne::First_Aid::Renal::Pathology::Renal_Cell_Carcinoma,2
Mnemosyne::First_Aid::Biochemistry::Metabolism::Enzyme_Terminology,2
Mnemosyne::First_Aid::Public_Health_Sciences::Communication_Skills::Establishing_Rapport,2
Mnemosyne::First_Aid::Pathology::Neoplasia::Hallmarks_Of_Cancer,2
Mnemosyne::First_Aid::Microbiology::Antimicrobials::Antiprotozoal_Therapy,2
Mnemosyne::First_Aid::Reproductive::Physiology::Tanner_Stages_Of_Sexual_Development,2
Mnemosyne::First_Aid::Neurology_And_Special_Senses::Anatomy_And_Physiology::Neurons,2
Mnemosyne::First_Aid::Cardiovascular::Pathology::High-Output_Heart_Failure,2
Mnemosyne::First_Aid::Reproductive::Physiology::Progesterone,2
Mnemosyne::First_Aid::Psychiatry::Pathology::Major_Depressive_Disorder,2
Mnemosyne::First_Aid::Gastrointestinal::Pathology::Inflammatory_Bowel_Diseases,2
"Mnemosyne::First_Aid::Musculoskeletal,_Skin,_And_Connective_Tissue::Pathology::Childhood_Musculoskeletal_Conditions",2
Mnemosyne::First_Aid::Immunology::Immune_Responses::Vaccination,2
Mnemosyne::First_Aid::Respiratory::Pathology::Acute_Respiratory_Distress_Syndrome,2
Mnemosyne::First_Aid::Psychiatry::Psychology::Transference_And_Countertransference,1
Mnemosyne::First_Aid::Neurology_And_Special_Senses::Otology::Diagnosing_Hearing_Loss,1
Mnemosyne::First_Aid::Biochemistry::Nutrition::Vitamin_A,1
Mnemosyne::First_Aid::Microbiology::Basic_Bacteriology::Catalase-Positive_Organisms,1
Mnemosyne::First_Aid::Microbiology::Clinical_Bacteriology::Spirochetes,1
Mnemosyne::First_Aid::Biochemistry::Laboratory_Techniques::Molecular_Cloning,1
Mnemosyne::First_Aid::Gastrointestinal::Anatomy::Liver_Tissue_Architecture,1
Mnemosyne::First_Aid::Gastrointestinal::Pathology::Intussusception,1
Mnemosyne::First_Aid::Hematology_And_Oncology::Physiology::Hemoglobin_Electrophoresis,1
Mnemosyne::First_Aid::Psychiatry::Pathology::Obsessive-Compulsive_Disorders,1
Mnemosyne::First_Aid::Biochemistry::Molecular::Purine_Salvage_Deficiencies,1
Mnemosyne::First_Aid::Neurology_And_Special_Senses::Pharmacology::Insomnia_Therapy,1
Mnemosyne::First_Aid::Endocrine::Physiology::Parathyroid_Hormone,1
Mnemosyne::First_Aid::Hematology_And_Oncology::Pharmacology::Antimetabolites,1
Mnemosyne::First_Aid::Respiratory::Physiology::Lung_Volumes_And_Capacities,1
Mnemosyne::First_Aid::Pathology::Inflammation::Acute_Phase_Reactants,1
Mnemosyne::First_Aid::Renal::Embryology::Horseshoe_Kidney,1
Mnemosyne::First_Aid::Hematology_And_Oncology::Anatomy::T_Cells,1
Mnemosyne::First_Aid::Respiratory::Pharmacology::H1-Blockers,1
Mnemosyne::First_Aid::Gastrointestinal::Pharmacology::Orlistat,1
Mnemosyne::First_Aid::Reproductive::Pathology::Placental_Disorders,1
Mnemosyne::First_Aid::Reproductive::Pathology::Breast_Pathology,1
Mnemosyne::First_Aid::Respiratory::Physiology::Cyanide_Versus_Carbon_Monoxide_Poisoning,1
Mnemosyne::First_Aid::Microbiology::Virology::Prions,1
Mnemosyne::First_Aid::Endocrine::Physiology::Appetite_Regulation,1
Mnemosyne::First_Aid::Pharmacology::Autonomic_Drugs::G-Protein–Linked_Second_Messengers,1
Mnemosyne::First_Aid::Biochemistry::Genetics::Hardy-Weinberg_Principle,1
Mnemosyne::First_Aid::Psychiatry::Pathology::Sexual_Dysfunction,1
Mnemosyne::First_Aid::Biochemistry::Genetics::Disorders_Of_Imprinting,1
Mnemosyne::First_Aid::Neurology_And_Special_Senses::Anatomy_And_Physiology::Landmark_Dermatomes,1
Mnemosyne::First_Aid::Reproductive::Embryology::Orofacial_Clefts,1
Mnemosyne::First_Aid::Hematology_And_Oncology::Embryology::Blood_Groups,1
Mnemosyne::First_Aid::Public_Health_Sciences::Healthcare_Delivery::Palliative_Care,1
Mnemosyne::First_Aid::Respiratory::Pathology::Superior_Vena_Cava_Syndrome,1
Mnemosyne::First_Aid::Microbiology::Basic_Bacteriology::Bacterial_Genetics,1
Mnemosyne::First_Aid::Endocrine::Pathology::Syndrome_Of_Inappropriate_Antidiuretic_Hormone_Secretion,1
Mnemosyne::First_Aid::Reproductive::Physiology::Menopause,1
Mnemosyne::First_Aid::Respiratory::Pathology::Atelectasis,1
"Mnemosyne::First_Aid::Musculoskeletal,_Skin,_And_Connective_Tissue::Pathology::Osteoporosis",1
Mnemosyne::First_Aid::Gastrointestinal::Pathology::Wilson_Disease,1
Mnemosyne::First_Aid::Respiratory::Physiology::Response_To_Exercise,1
Mnemosyne::First_Aid::Cardiovascular::Physiology::Autoregulation,1
Mnemosyne::First_Aid::Microbiology::Clinical_Bacteriology::Corynebacterium_Diphtheriae,1
Mnemosyne::First_Aid::Reproductive::Embryology::Pharyngeal_Pouch_Derivatives,1
Mnemosyne::First_Aid::Reproductive::Pharmacology::Antiandrogens,1
Mnemosyne::First_Aid::Microbiology::Parasitology::Parasite_Hints,1
Mnemosyne::First_Aid::Cardiovascular::Pathology::Myocarditis,1
Mnemosyne::First_Aid::Cardiovascular::Physiology::Atrial_Natriuretic_Peptide,1
Mnemosyne::First_Aid::Respiratory::Embryology::Neonatal_Respiratory_Distress_Syndrome,1
Mnemosyne::First_Aid::Endocrine::Pathology::Hypoparathyroidism,1
Mnemosyne::First_Aid::Microbiology::Virology::Viral_Genetics,1
Mnemosyne::First_Aid::Public_Health_Sciences::Ethics::Confidentiality,1
Mnemosyne::First_Aid::Biochemistry::Genetics::Cystic_Fibrosis,1
Mnemosyne::First_Aid::Microbiology::Antimicrobials::Metronidazole,1
Mnemosyne::First_Aid::Gastrointestinal::Physiology::Carbohydrate_Absorption,1
Mnemosyne::First_Aid::Renal::Pathology::Renal_Cyst_Disorders,1
Mnemosyne::First_Aid::Respiratory::Pharmacology::Asthma_Drugs,1
Mnemosyne::First_Aid::Pharmacology::Autonomic_Drugs::Physiologic_Effects_Of_Sympathomimetics,1
Mnemosyne::First_Aid::Hematology_And_Oncology::Pharmacology::Alkylating_Agents,1
Mnemosyne::First_Aid::Pharmacology::Toxicities_And_Side_Effects::Drug_Reactions—Endocrine/Reproductive,1
Mnemosyne::First_Aid::Biochemistry::Cellular::Collagen_Synthesis_And_Structure,1
Mnemosyne::First_Aid::Gastrointestinal::Anatomy::Myopectineal_Orifice,1
Mnemosyne::First_Aid::Microbiology::Clinical_Bacteriology::Bacillus_Anthracis,1
Mnemosyne::First_Aid::Cardiovascular::Pathology::Hyperlipidemia_Signs,1
Mnemosyne::First_Aid::Biochemistry::Nutrition::Essential_Fatty_Acids,1
Mnemosyne::First_Aid::Respiratory::Pharmacology::Pseudoephedrine_&_Phenylephrine,1
Mnemosyne::First_Aid::Pharmacology::Autonomic_Drugs::Tissue_Distribution_Of_Adrenergic_Receptors,1
Mnemosyne::First_Aid::Cardiovascular::Physiology::Normal_Resting_Cardiac_Pressures,1
Mnemosyne::First_Aid::Endocrine::Pathology::Diagnosing_Parathyroid_Disease,1
Mnemosyne::First_Aid::Biochemistry::Metabolism::Activated_Carriers,1
Mnemosyne::First_Aid::Respiratory::Physiology::Hemoglobin,1
Mnemosyne::First_Aid::Respiratory::Physiology::Oxyhemoglobin_Dissociation_Curve,1
Mnemosyne::First_Aid::Endocrine::Pathology::Type_1_Versus_Type_2_Diabetes_Mellitus,1
Mnemosyne::First_Aid::Gastrointestinal::Pathology::α1-Antitrypsin_Deficiency,1
Mnemosyne::First_Aid::Respiratory::Pharmacology::Pulmonary_Hypertension_Drugs,1
Mnemosyne::First_Aid::Renal::Physiology::Kidney_Hormone_Functions,1
Mnemosyne::First_Aid::Renal::Physiology::Hormones_Acting_On_Kidney,1
"Mnemosyne::First_Aid::Biochemistry::Metabolism::Glycolysis_Regulation,_Key_Enzymes",1
Mnemosyne::First_Aid::Reproductive::Pathology::Vulvar_Pathology,1
Mnemosyne::First_Aid::Biochemistry::Metabolism::Urea_Cycle,1
Mnemosyne::First_Aid::Gastrointestinal::Pathology::Reye_Syndrome,1
Mnemosyne::First_Aid::Microbiology::Basic_Bacteriology::Bacterial_Virulence_Factors,1
Mnemosyne::First_Aid::Microbiology::Parasitology::Protozoa-CNS_Infections,1
Mnemosyne::First_Aid::Microbiology::Clinical_Bacteriology::Zoonotic_Bacteria,1
Mnemosyne::First_Aid::Hematology_And_Oncology::Pathology::Non-Hodgkin_Lymphoma,1
Mnemosyne::First_Aid::Pharmacology::Autonomic_Drugs::Anticholinesterase_Poisoning,1
Mnemosyne::First_Aid::Psychiatry::Pathology::Personality_Disorders,1
Mnemosyne::First_Aid::Microbiology::Mycology::Pneumocystis_Jirovecii,1
Mnemosyne::First_Aid::Reproductive::Pathology::Cryptorchidism,1
Mnemosyne::First_Aid::Reproductive::Pathology::Testicular_Tumors,1
Mnemosyne::First_Aid::Biochemistry::Molecular::Posttranslational_Modifications,1
Mnemosyne::First_Aid::Biochemistry::Nutrition::Vitamin_K,1
Mnemosyne::First_Aid::Neurology_And_Special_Senses::Anatomy_And_Physiology::Blood-Brain_Barrier,1
Mnemosyne::First_Aid::Neurology_And_Special_Senses::Pharmacology::Carbidopa/Levodopa,1
Mnemosyne::First_Aid::Microbiology::Antimicrobials::Sulfonamides,1
Mnemosyne::First_Aid::Endocrine::Pathology::Hypoglycemia_In_Diabetes_Mellitus,1
"Mnemosyne::First_Aid::Musculoskeletal,_Skin,_And_Connective_Tissue::Anatomy_And_Physiology::Arm_Abduction",1
"Mnemosyne::First_Aid::Musculoskeletal,_Skin,_And_Connective_Tissue::Anatomy_And_Physiology::Rotator_Cuff_Muscles",1
Mnemosyne::First_Aid::Public_Health_Sciences::Communication_Skills::Challenging_Patient_And_Ethical_Scenarios,1
Mnemosyne::First_Aid::Renal::Pharmacology::Diuretics_Site_Of_Action,1
Mnemosyne::First_Aid::Immunology::Cellular_Components::Functions_Of_Natural_Killer_Cells,1
Mnemosyne::First_Aid::Neurology_And_Special_Senses::Embryology::Neural_Tube_Defects,1
Mnemosyne::First_Aid::Neurology_And_Special_Senses::Embryology::Brain_Malformations,1
Mnemosyne::First_Aid::Reproductive::Embryology::Amniotic_Fluid,1
"Mnemosyne::First_Aid::Musculoskeletal,_Skin,_And_Connective_Tissue::Pathology::Gout",1
Mnemosyne::First_Aid::Neurology_And_Special_Senses::Anatomy_And_Physiology::Cerebellum,1
Mnemosyne::First_Aid::Neurology_And_Special_Senses::Ophthalmology::Visual_Field_Defects,1
Mnemosyne::First_Aid::Cardiovascular::Physiology::Cardiac_Output_Equations,1
"Mnemosyne::First_Aid::Musculoskeletal,_Skin,_And_Connective_Tissue::Dermatology::Burn_Classification",1
Mnemosyne::First_Aid::Gastrointestinal::Pharmacology::Loperamide_And_Diphenoxylate,1
Mnemosyne::First_Aid::Endocrine::Pathology::Adrenal_Insufficiency,1
Mnemosyne::First_Aid::Immunology::Cellular_Components::Macrophage-Lymphocyte_Interaction,1
Mnemosyne::First_Aid::Reproductive::Embryology::Embryologic_Derivatives,1
Mnemosyne::First_Aid::Microbiology::Clinical_Bacteriology::Vibrio_Cholerae,1
Mnemosyne::First_Aid::Psychiatry::Psychology::Ego_Defenses,1
Mnemosyne::First_Aid::Pharmacology::Toxicities_And_Side_Effects::Drug_Reactions—Musculoskeletal/Skin/Connective_Tissue,1
Mnemosyne::First_Aid::Neurology_And_Special_Senses::Pathology::Hydrocephalus,1
Mnemosyne::First_Aid::Microbiology::Antimicrobials::Macrolides,1
Mnemosyne::First_Aid::Gastrointestinal::Pathology::Malrotation,1
Mnemosyne::First_Aid::Microbiology::Systems::Bugs_Causing_Diarrhea,1
Mnemosyne::First_Aid::Microbiology::Clinical_Bacteriology::Yersinia_Enterocolitica,1
"Mnemosyne::First_Aid::Musculoskeletal,_Skin,_And_Connective_Tissue::Pharmacology::Arachidonic_Acid_Pathways",1
Mnemosyne::First_Aid::Neurology_And_Special_Senses::Pharmacology::Malignant_Hyperthermia,1
Mnemosyne::First_Aid::Renal::Pharmacology::Acetazolamide,1
Mnemosyne::First_Aid::Renal::Pathology::Nephrotic_Syndrome,1
Mnemosyne::First_Aid::Biochemistry::Cellular::Ehlers-Danlos_Syndrome,1
Mnemosyne::First_Aid::Pharmacology::Autonomic_Drugs::Phosphodiesterase_Inhibitors,1
Mnemosyne::First_Aid::Pathology::Neoplasia::Important_Immunohistochemical_Stains,1
Mnemosyne::First_Aid::Renal::Pharmacology::Loop_Diuretics,1
Mnemosyne::First_Aid::Neurology_And_Special_Senses::Pathology::Aneurysms,1
Mnemosyne::First_Aid::Neurology_And_Special_Senses::Ophthalmology::Retinoblastoma,1
Mnemosyne::First_Aid::Biochemistry::Genetics::Mitochondrial_Diseases,1
Mnemosyne::First_Aid::Psychiatry::Pathology::Transtheoretical_Model_Of_Change,1
Mnemosyne::First_Aid::Reproductive::Pathology::Varicocele,1
"Mnemosyne::First_Aid::Musculoskeletal,_Skin,_And_Connective_Tissue::Pharmacology::TNF-α_Inhibitors",1
Mnemosyne::First_Aid::Reproductive::Pathology::Polycystic_Ovarian_Syndrome,1
Mnemosyne::First_Aid::Endocrine::Pharmacology::Levothyroxine_And_Liothyronine,1
Mnemosyne::First_Aid::Endocrine::Pathology::Hypothyroidism_Versus_Hyperthyroidism,1
Mnemosyne::First_Aid::Biochemistry::Nutrition::Vitamins:_Fat_Soluble,1
Mnemosyne::First_Aid::Biochemistry::Nutrition::Vitamin_E,1
Mnemosyne::First_Aid::Pathology::Inflammation::Chronic_Inflammation,1
Mnemosyne::First_Aid::Neurology_And_Special_Senses::Anatomy_And_Physiology::Schwann_Cells,1
Mnemosyne::First_Aid::Neurology_And_Special_Senses::Anatomy_And_Physiology::Oligodendrocytes,1
Mnemosyne::First_Aid::Biochemistry::Cellular::Cytoskeletal_Elements,1
Mnemosyne::First_Aid::Microbiology::Antimicrobials::Antihelminthic_Therapy,1
Mnemosyne::First_Aid::Neurology_And_Special_Senses::Anatomy_And_Physiology::Brainstem_Cross_Sections,1
Mnemosyne::First_Aid::Microbiology::Systems::Healthcare-Associated_Infections,1
Mnemosyne::First_Aid::Microbiology::Clinical_Bacteriology::Enterococci,1
Mnemosyne::First_Aid::Microbiology::Clinical_Bacteriology::Gram-Positive_Lab_Algorithm,1
Mnemosyne::First_Aid::Microbiology::Antimicrobials::Vancomycin,1
Mnemosyne::First_Aid::Microbiology::Antimicrobials::Antimicrobial_Therapy,1
Mnemosyne::First_Aid::Respiratory::Pathology::Physical_Findings_In_Select_Lung_Diseases,1
Mnemosyne::First_Aid::Microbiology::Antimicrobials::Anti-Mite/Louse_Therapy,1
Mnemosyne::First_Aid::Immunology::Cellular_Components::Major_Functions_Of_B_And_T_Cells,1
Mnemosyne::First_Aid::Reproductive::Embryology::Important_Genes_Of_Embryogenesis,1
Mnemosyne::First_Aid::Gastrointestinal::Physiology::Peyer_Patches,1
Mnemosyne::First_Aid::Neurology_And_Special_Senses::Pathology::Fever_Versus_Heat_Stroke,1
Mnemosyne::First_Aid::Neurology_And_Special_Senses::Pathology::Intracranial_Hemorrhage,1
"Mnemosyne::First_Aid::Musculoskeletal,_Skin,_And_Connective_Tissue::Pathology::Osteomalacia/Rickets",1
Mnemosyne::First_Aid::Psychiatry::Pathology::Manic_Episode,1
Mnemosyne::First_Aid::Reproductive::Embryology::Neonatal_Abstinence_Syndrome,1
Mnemosyne::First_Aid::Hematology_And_Oncology::Pharmacology::Heparin_Versus_Warfarin,1
Mnemosyne::First_Aid::Biochemistry::Genetics::X-Linked_Recessive_Diseases,1
Mnemosyne::First_Aid::Biochemistry::Genetics::Trinucleotide_Repeat_Expansion_Diseases,1
Mnemosyne::First_Aid::Biochemistry::Genetics::Fragile_X_Syndrome,1
Mnemosyne::First_Aid::Gastrointestinal::Pathology::Appendicitis,1
Mnemosyne::First_Aid::Gastrointestinal::Pathology::Jaundice,1
Mnemosyne::First_Aid::Respiratory::Physiology::Methemoglobin,1
Mnemosyne::First_Aid::Psychiatry::Pharmacology::Pharmacotherapies_For_Smoking_Cessation,1
Mnemosyne::First_Aid::Cardiovascular::Physiology::B-Type_(Brain)_Natriuretic_Peptide,1
Mnemosyne::First_Aid::Renal::Pathology::Casts_In_Urine,1
Mnemosyne::First_Aid::Immunology::Lymphoid_Structures::Lymph_Node,1
Mnemosyne::First_Aid::Gastrointestinal::Physiology::Gastrointestinal_Regulatory_Substances,1
"Mnemosyne::First_Aid::Musculoskeletal,_Skin,_And_Connective_Tissue::Pathology::Psoas_Abscess",1
Mnemosyne::First_Aid::Microbiology::Virology::Influenza_Viruses,1
Mnemosyne::First_Aid::Microbiology::Clinical_Bacteriology::Salmonella_Versus_Shigella,1
Mnemosyne::First_Aid::Renal::Pathology::Acute_Cystitis,1
Mnemosyne::First_Aid::Gastrointestinal::Pathology::Colonic_Polyps,1
Mnemosyne::First_Aid::Gastrointestinal::Pathology::Polyposis_Syndromes,1
Mnemosyne::First_Aid::Renal::Pathology::Renal_Papillary_Necrosis,1
Mnemosyne::First_Aid::Microbiology::Systems::Urinary_Tract_Infections,1
Mnemosyne::First_Aid::Neurology_And_Special_Senses::Anatomy_And_Physiology::Neurotransmitter_Changes_With_Disease,1
Mnemosyne::First_Aid::Reproductive::Embryology::Twin-Twin_Transfusion_Syndrome,1
Mnemosyne::First_Aid::Reproductive::Embryology::Twinning,1
Mnemosyne::First_Aid::Respiratory::Pathology::Sarcoidosis,1
Mnemosyne::First_Aid::Biochemistry::Metabolism::Electron_Transport_Chain_And_Oxidative_Phosphorylation,1
Mnemosyne::First_Aid::Pharmacology::Autonomic_Drugs::Muscarinic_Antagonists,1
"Mnemosyne::First_Aid::Microbiology::Antimicrobials::Oseltamivir,_Zanamivir",1
Mnemosyne::First_Aid::Biochemistry::Metabolism::Phenylketonuria,1
Mnemosyne::First_Aid::Microbiology::Antimicrobials::Antiviral_Therapy,1
Mnemosyne::First_Aid::Microbiology::Virology::Hepatitis_Serologic_Markers,1
Mnemosyne::First_Aid::Microbiology::Virology::Picornavirus,1
Mnemosyne::First_Aid::Psychiatry::Pharmacology::Atypical_Antidepressants,1
Mnemosyne::First_Aid::Pharmacology::Pharmacokinetics_And_Pharmacodynamics::Receptor_Binding,1
Mnemosyne::First_Aid::Cardiovascular::Pharmacology::Antiarrhythmics—β-Blockers_(Class_II),1
"Mnemosyne::First_Aid::Musculoskeletal,_Skin,_And_Connective_Tissue::Anatomy_And_Physiology::Actions_Of_Hip_Muscles",1
Mnemosyne::First_Aid::Hematology_And_Oncology::Pharmacology::Anticancer_Monoclonal_Antibodies,1
Mnemosyne::First_Aid::Public_Health_Sciences::Epidemiology_And_Biostatistics::Statistical_Versus_Clinical_Significance,1
Mnemosyne::First_Aid::Neurology_And_Special_Senses::Ophthalmology::Retinal_Disorders,1
Mnemosyne::First_Aid::Reproductive::Pharmacology::Testosterone_And_Methyltestosterone,1
Mnemosyne::First_Aid::Hematology_And_Oncology::Pathology::Polycythemia,1
Mnemosyne::First_Aid::Endocrine::Pathology::Cushing_Syndrome,1
Mnemosyne::First_Aid::Biochemistry::Metabolism::Glycogen,1
Mnemosyne::First_Aid::Biochemistry::Metabolism::Cystinuria,1
Mnemosyne::First_Aid::Gastrointestinal::Pathology::Irritable_Bowel_Syndrome,1
Mnemosyne::First_Aid::Gastrointestinal::Pharmacology::Anticonstipation_Drugs,1
Mnemosyne::First_Aid::Pharmacology::Pharmacokinetics_And_Pharmacodynamics::Elimination_Of_Drugs,1
Mnemosyne::First_Aid::Biochemistry::Nutrition::Vitamin_B9,1
Mnemosyne::First_Aid::Reproductive::Anatomy::Pelvic_Organ_Prolapse,1
Mnemosyne::First_Aid::Reproductive::Pharmacology::Gonadotropin-Releasing_Hormone_Analogs,1
Mnemosyne::First_Aid::Respiratory::Physiology::Lung_And_Chest_Wall_Properties,1
Mnemosyne::First_Aid::Immunology::Lymphoid_Structures::Thymus,1
Mnemosyne::First_Aid::Immunology::Immune_Responses::Anergy,1
Mnemosyne::First_Aid::Respiratory::Physiology::Hypoxia_And_Hypoxemia,1
Mnemosyne::First_Aid::Respiratory::Physiology::Ventilation/Perfusion_Mismatch,1
Mnemosyne::First_Aid::Pharmacology::Pharmacokinetics_And_Pharmacodynamics::Efficacy_Versus_Potency,1
Mnemosyne::First_Aid::Hematology_And_Oncology::Pathology::Plasma_Cell_Dyscrasias,1
Mnemosyne::First_Aid::Cardiovascular::Pathology::Myocardial_Infarction_Complications,1
Mnemosyne::First_Aid::Biochemistry::Nutrition::Dietary_Supplementation,1
Mnemosyne::First_Aid::Gastrointestinal::Pathology::Autoimmune_Hepatitis,1
Mnemosyne::First_Aid::Pharmacology::Pharmacokinetics_And_Pharmacodynamics::Drug_Metabolism,1
Mnemosyne::First_Aid::Renal::Pathology::Nephritic_Syndrome,1
Mnemosyne::First_Aid::Hematology_And_Oncology::Pathology::Hodgkin_Lymphoma,1
Mnemosyne::First_Aid::Microbiology::Clinical_Bacteriology::Diagnosing_Syphilis,1
Mnemosyne::First_Aid::Renal::Pathology::Urothelial_Carcinoma_Of_The_Bladder,1
"Mnemosyne::First_Aid::Musculoskeletal,_Skin,_And_Connective_Tissue::Anatomy_And_Physiology::Bone_Formation",1
Mnemosyne::First_Aid::Psychiatry::Psychology::Classical_Conditioning,1
Mnemosyne::First_Aid::Neurology_And_Special_Senses::Anatomy_And_Physiology::Peripheral_Nerve,1
"Mnemosyne::First_Aid::Hematology_And_Oncology::Pathology::Heme_Synthesis,_Porphyrias,_And_Lead_Poisoning",1
Mnemosyne::First_Aid::Microbiology::Antimicrobials::Chloroquine,1
Mnemosyne::First_Aid::Microbiology::Antimicrobials::Antimicrobial_Prophylaxis,1
Mnemosyne::First_Aid::Neurology_And_Special_Senses::Embryology::Central_And_Peripheral_Nervous_Systems_Origins,1
Mnemosyne::First_Aid::Renal::Pharmacology::Angiotensin-Converting_Enzyme_Inhibitors,1
"Mnemosyne::First_Aid::Hematology_And_Oncology::Pathology::Normocytic,_Normochromic_Anemias",1
Mnemosyne::First_Aid::Microbiology::Clinical_Bacteriology::Gram-Negative_Lab_Algorithm,1
Mnemosyne::First_Aid::Respiratory::Anatomy::Lung_Anatomy,1
Mnemosyne::First_Aid::Microbiology::Parasitology::Ectoparasites,1
Mnemosyne::First_Aid::Neurology_And_Special_Senses::Pharmacology::Anticonvulsants,1
Mnemosyne::First_Aid::Respiratory::Pathology::Sleep_Apnea,1
"Mnemosyne::First_Aid::Musculoskeletal,_Skin,_And_Connective_Tissue::Dermatology::Vascular_Tumors_Of_Skin",1
Mnemosyne::First_Aid::Hematology_And_Oncology::Pathology::Myeloproliferative_Neoplasms,1
Mnemosyne::First_Aid::Gastrointestinal::Physiology::Bile,1
Mnemosyne::First_Aid::Respiratory::Anatomy::Diaphragm_Structures,1
Mnemosyne::First_Aid::Cardiovascular::Embryology::Fetal_Circulation,1
Mnemosyne::First_Aid::Microbiology::Parasitology::Protozoa-Others,1
Mnemosyne::First_Aid::Immunology::Immune_Responses::Immunoglobulin_Isotypes,1
Mnemosyne::First_Aid::Biochemistry::Metabolism::Pyruvate_Metabolism,1
"Mnemosyne::First_Aid::Hematology_And_Oncology::Pathology::Nonhemolytic,_Normocytic_Anemias",1
Mnemosyne::First_Aid::Endocrine::Physiology::Growth_Hormone,1
Mnemosyne::First_Aid::Neurology_And_Special_Senses::Anatomy_And_Physiology::Meninges,1
Mnemosyne::First_Aid::Biochemistry::Cellular::Proteasome,1
Mnemosyne::First_Aid::Cardiovascular::Physiology::Cardiac_And_Vascular_Function_Curves,1
Mnemosyne::First_Aid::Neurology_And_Special_Senses::Pathology::Other_Demyelinating_And_Dysmyelinating_Disorders,1
Mnemosyne::First_Aid::Neurology_And_Special_Senses::Pharmacology::Neurodegenerative_Disease_Therapy,1
Mnemosyne::First_Aid::Reproductive::Anatomy::Adnexal_Torsion,1
Mnemosyne::First_Aid::Neurology_And_Special_Senses::Anatomy_And_Physiology::Neuron_Action_Potential,1
Mnemosyne::First_Aid::Gastrointestinal::Pathology::Hemochromatosis,1
Mnemosyne::First_Aid::Public_Health_Sciences::Epidemiology_And_Biostatistics::Kaplan-Meier_Curve,1
Mnemosyne::First_Aid::Cardiovascular::Pathology::Cardiomyopathies,1
Mnemosyne::First_Aid::Biochemistry::Metabolism::Glycogen_Regulation_By_Insulin_And_Glucagon/Epinephrine,1
Mnemosyne::First_Aid::Respiratory::Pharmacology::Dextromethorphan,1
Mnemosyne::First_Aid::Respiratory::Pathology::Pneumothorax,1
Mnemosyne::First_Aid::Pathology::Neoplasia::Oncogenic_Microbes,1
Mnemosyne::First_Aid::Microbiology::Clinical_Bacteriology::Helicobacter_Pylori,1
Mnemosyne::First_Aid::Cardiovascular::Pharmacology::Antianginal_Therapy,1
Mnemosyne::First_Aid::Endocrine::Pathology::Hypothyroidism,1
"Mnemosyne::First_Aid::Musculoskeletal,_Skin,_And_Connective_Tissue::Pathology::Sjögren_Syndrome",1
"Mnemosyne::First_Aid::Musculoskeletal,_Skin,_And_Connective_Tissue::Pathology::Polymyalgia_Rheumatica",1
Mnemosyne::First_Aid::Reproductive::Embryology::Placenta,1
Mnemosyne::First_Aid::Microbiology::Virology::Viral_Genomes,1
Mnemosyne::First_Aid::Microbiology::Clinical_Bacteriology::Clostridia,1
Mnemosyne::First_Aid::Respiratory::Pathology::Flow-Volume_Loops,1
Mnemosyne::First_Aid::Respiratory::Pathology::Idiopathic_Pulmonary_Fibrosis,1
Mnemosyne::First_Aid::Renal::Physiology::Potassium_Shifts,1
Mnemosyne::First_Aid::Neurology_And_Special_Senses::Anatomy_And_Physiology::Cerebral_Perfusion,1
Mnemosyne::First_Aid::Psychiatry::Pathology::Mood_Disorder,1
Mnemosyne::First_Aid::Reproductive::Pathology::Ovarian_Cysts,1
Mnemosyne::First_Aid::Microbiology::Clinical_Bacteriology::Listeria_Monocytogenes,1
Mnemosyne::First_Aid::Gastrointestinal::Pathology::Serum_Markers_Of_Liver_Pathology,1
Mnemosyne::First_Aid::Hematology_And_Oncology::Pharmacology::Thrombolytics,1
Mnemosyne::First_Aid::Psychiatry::Pathology::Schizophrenia_Spectrum_Disorders,1
Mnemosyne::First_Aid::Psychiatry::Pathology::Diagnostic_Criteria_By_Symptom_Duration,1
Mnemosyne::First_Aid::Psychiatry::Pathology::Psychosis,1
Mnemosyne::First_Aid::Endocrine::Pharmacology::Thionamides,1
Mnemosyne::First_Aid::Respiratory::Pathology::Mesothelioma,1
Mnemosyne::First_Aid::Respiratory::Pathology::Pulmonary_Emboli,1
Mnemosyne::First_Aid::Psychiatry::Pathology::Factitious_Disorders,1
Mnemosyne::First_Aid::Renal::Physiology::Glomerular_Filtration_Rate,1
Mnemosyne::First_Aid::Renal::Embryology::Potter_Sequence,1
"Mnemosyne::First_Aid::Musculoskeletal,_Skin,_And_Connective_Tissue::Pathology::Osteopetrosis",1
Mnemosyne::First_Aid::Reproductive::Pathology::Androgen_Insensitivity_Syndrome,1
Mnemosyne::First_Aid::Microbiology::Virology::HIV_Diagnosis,1
Mnemosyne::First_Aid::Gastrointestinal::Pathology::Lynch_Syndrome,1
Mnemosyne::First_Aid::Psychiatry::Pathology::Delirium,1
Mnemosyne::First_Aid::Cardiovascular::Pathology::Acute_Pericarditis,1
Mnemosyne::First_Aid::Biochemistry::Metabolism::Amino_Acid_Derivatives,1
Mnemosyne::First_Aid::Endocrine::Pathology::Carcinoid_Tumors,1
Mnemosyne::First_Aid::Renal::Physiology::Filtration,1
Mnemosyne::First_Aid::Gastrointestinal::Pathology::Ulcer_Complications,1
Mnemosyne::First_Aid::Immunology::Cellular_Components::Immune_Privilege,1
"Mnemosyne::First_Aid::Musculoskeletal,_Skin,_And_Connective_Tissue::Pathology::Polymyositis/Dermatomyositis",1
Mnemosyne::First_Aid::Neurology_And_Special_Senses::Pharmacology::Triptans,1
Mnemosyne::First_Aid::Neurology_And_Special_Senses::Pathology::Headaches,1
Mnemosyne::First_Aid::Microbiology::Systems::Bugs_Causing_Food-Borne_Illness,1
Mnemosyne::First_Aid::Hematology_And_Oncology::Pathology::RBC_Morphology,1
Mnemosyne::First_Aid::Reproductive::Embryology::Teratogens,1
Mnemosyne::First_Aid::Reproductive::Embryology::Fetal_Alcohol_Syndrome,1
Mnemosyne::First_Aid::Reproductive::Pharmacology::Combined_Contraception,1
Mnemosyne::First_Aid::Immunology::Lymphoid_Structures::Lymphatic_Drainage_Associations,1
Mnemosyne::First_Aid::Cardiovascular::Physiology::Pressure-Volume_Loops_And_Cardiac_Cycle,1
Mnemosyne::First_Aid::Pathology::Inflammation::Leukocyte_Extravasation,1
"Mnemosyne::First_Aid::Musculoskeletal,_Skin,_And_Connective_Tissue::Pathology::Common_Pediatric_Fractures",1
Mnemosyne::First_Aid::Cardiovascular::Pharmacology::Digoxin,1
Mnemosyne::First_Aid::Psychiatry::Pharmacology::Antipsychotics,1
Mnemosyne::First_Aid::Renal::Physiology::Features_Of_Renal_Disorders,1
"Mnemosyne::First_Aid::Musculoskeletal,_Skin,_And_Connective_Tissue::Dermatology::Pigmented_Skin_Disorders",1
Mnemosyne::First_Aid::Neurology_And_Special_Senses::Anatomy_And_Physiology::Cranial_Nerve_Reflexes,1
Mnemosyne::First_Aid::Respiratory::Physiology::Ventilation,1
Mnemosyne::First_Aid::Pharmacology::Autonomic_Drugs::Cholinomimetic_Agents,1
